{"cameraMode":{"drawMode":0,"name":"Shaded","section":"Shading Mode"},"sceneLighting":false,"audioPlay":false,"sceneViewState":{"showFog":true,"showMaterialUpdate":false,"showSkybox":false,"showFlares":true,"showImageEffects":true,"showParticleSystems":true},"in2DMode":false,"pivot":{"x":-2.3410000801086427,"y":0.17130228877067567,"z":0.1186138466000557},"rotation":{"x":0.2912195026874542,"y":-0.010587232187390328,"z":0.0033630230464041235,"w":0.956629753112793},"size":1.2656704187393189,"orthographic":false}