{"cameraMode":{"drawMode":0,"name":"Shaded","section":"Shading Mode"},"sceneLighting":false,"audioPlay":false,"sceneViewState":{"showFog":true,"showMaterialUpdate":false,"showSkybox":false,"showFlares":true,"showImageEffects":true,"showParticleSystems":true},"in2DMode":false,"pivot":{"x":-3.0322494506835939,"y":0.37463292479515078,"z":3.1243879795074465},"rotation":{"x":-0.17532414197921754,"y":0.6915140151977539,"z":-0.17893989384174348,"w":-0.6775503158569336},"size":0.9746958017349243,"orthographic":false}