{"cameraMode":{"drawMode":0,"name":"Shaded","section":"Shading Mode"},"sceneLighting":false,"audioPlay":false,"sceneViewState":{"showFog":true,"showMaterialUpdate":false,"showSkybox":false,"showFlares":true,"showImageEffects":true,"showParticleSystems":true},"in2DMode":false,"pivot":{"x":-6.26332950592041,"y":0.37717196345329287,"z":4.822109699249268},"rotation":{"x":-0.19199156761169434,"y":0.2486499845981598,"z":-0.0503525547683239,"w":-0.9480491280555725},"size":0.11673983931541443,"orthographic":false}