{"cameraMode":{"drawMode":0,"name":"Shaded","section":"Shading Mode"},"sceneLighting":false,"audioPlay":false,"sceneViewState":{"showFog":true,"showMaterialUpdate":false,"showSkybox":false,"showFlares":true,"showImageEffects":true,"showParticleSystems":true},"in2DMode":false,"pivot":{"x":-5.5515265464782719,"y":0.14699237048625947,"z":0.04460611939430237},"rotation":{"x":-0.17532414197921754,"y":0.6915140151977539,"z":-0.17893989384174348,"w":-0.6775503158569336},"size":0.5352142453193665,"orthographic":false}