{"cameraMode":{"drawMode":0,"name":"Shaded","section":"Shading Mode"},"sceneLighting":false,"audioPlay":false,"sceneViewState":{"showFog":true,"showMaterialUpdate":false,"showSkybox":false,"showFlares":true,"showImageEffects":true,"showParticleSystems":true},"in2DMode":false,"pivot":{"x":-1.1796045303344727,"y":0.3751782774925232,"z":-3.240114688873291},"rotation":{"x":-0.17532414197921754,"y":0.6915140151977539,"z":-0.17893989384174348,"w":-0.6775503158569336},"size":0.8534992337226868,"orthographic":false}