{"cameraMode":{"drawMode":0,"name":"Shaded","section":"Shading Mode"},"sceneLighting":false,"audioPlay":false,"sceneViewState":{"showFog":true,"showMaterialUpdate":false,"showSkybox":false,"showFlares":true,"showImageEffects":true,"showParticleSystems":true},"in2DMode":false,"pivot":{"x":0.0,"y":0.04954385757446289,"z":-1.1920928955078126e-7},"rotation":{"x":-0.1946079134941101,"y":-0.5336484313011169,"z":0.12769374251365663,"w":-0.8130807280540466},"size":0.9874634146690369,"orthographic":false}