{"cameraMode":{"drawMode":0,"name":"Shaded","section":"Shading Mode"},"sceneLighting":false,"audioPlay":false,"sceneViewState":{"showFog":true,"showMaterialUpdate":false,"showSkybox":false,"showFlares":true,"showImageEffects":true,"showParticleSystems":true},"in2DMode":false,"pivot":{"x":-4.3582000732421879,"y":0.7741908431053162,"z":6.357564449310303},"rotation":{"x":-0.1322147697210312,"y":0.41422969102859499,"z":-0.06096237525343895,"w":-0.8984671831130981},"size":0.8106955885887146,"orthographic":false}